1,Douglas,Pinto,6/20/2014,152.172.008-80
2,Davi,Cunha,4/1/1973,893.752.569-01
3,Julieta,Santos,7/17/2016,804.482.038-80
4,Nicole,Fernandes,6/3/1970,508.017.290-84
5,Joao,Cunha,7/2/1972,944.254.666-08
6,Bianca,Cunha,1/4/1967,571.750.792-57
7,Amanda,Cavalcanti,1/22/2013,239.580.911-05
8,Eduardo,Cavalcanti,2/24/2017,810.268.463-15
9,Leonardo,Barbosa,6/24/1958,554.203.543-49
10,Carolina,Barros,11/15/1970,269.711.676-19
11,Leonor,Correia,11/9/1973,842.758.490-35
12,Enzo,Araujo,5/6/1997,546.999.908-43
13,Lavinia,Barros,5/30/1968,178.552.089-09
14,Vitoria,Azevedo,4/29/1971,855.264.513-05
15,Danilo,Martins,5/11/2007,403.057.686-97
16,João,Lima,2/25/2001,588.649.366-29
17,Danilo,Cardoso,7/21/1985,630.293.257-25
18,Bianca,Dias,10/29/1955,504.534.418-82
19,Julia,Almeida,5/19/1997,172.138.503-77
20,Guilherme,Barros,3/7/2013,502.200.147-01
21,Luiza,Melo,11/30/1977,920.996.669-46
22,Mateus,Souza,3/2/1992,857.216.619-09
23,Carla,Cavalcanti,6/21/2012,453.300.448-20
24,Vitória,Lima,11/21/2001,418.213.113-45
25,Miguel,Araujo,9/11/1982,628.559.756-11
26,Rodrigo,Araujo,2/21/2011,206.036.600-37
27,Marcos,Sousa,8/9/1969,380.078.915-95
28,Sophia,Silva,12/22/1990,735.387.030-35
29,Daniel,Gomes,11/9/2019,402.645.981-05
30,Thiago,Cavalcanti,8/31/1988,352.056.120-45
31,Samuel,Cunha,1/19/1967,521.962.207-28
32,Arthur,Cardoso,5/29/2015,290.702.949-58
33,Lucas,Ribeiro,4/27/2009,477.693.992-46
34,Nicole,Silva,2/13/2011,391.327.856-74
35,Enzo,Dias,1/1/1980,302.211.655-17
36,Júlia,Barros,4/3/2009,614.309.119-64
37,Kauã,Ribeiro,5/19/1986,782.756.569-74
38,Maria,Barbosa,3/2/1994,868.209.437-17
39,Lara,Silva,4/27/1995,321.258.418-19
40,Manuela,Araujo,12/3/2019,470.163.835-80
41,Estevan,Ferreira,2/10/2012,407.175.609-88
42,Arthur,Cunha,7/30/1974,446.644.053-08
43,Vitoria,Cunha,1/18/1963,434.317.305-40
44,Breno,Dias,8/23/1958,333.721.864-43
45,João,Pereira,7/10/1973,135.638.728-48
46,Marisa,Cavalcanti,8/24/2011,837.869.703-78
47,Breno,Goncalves,10/25/2005,259.685.594-11
48,Davi,Fernandes,1/8/1999,165.728.420-45
49,Martim,Carvalho,12/5/1991,504.505.039-76
50,Antônio,Santos,11/21/1999,403.849.555-84
51,Luan,Castro,2/20/1971,666.290.671-93
52,Kauan,Correia,10/9/2004,252.148.635-35
53,Aline,Sousa,5/1/1969,917.959.704-13
54,Yasmin,Lima,4/13/1990,667.658.067-50
55,Julieta,Barbosa,4/1/2016,277.108.926-20
56,Eduarda,Melo,4/9/2008,698.816.723-41
57,Gabrielle,Dias,5/29/2005,268.693.213-96
58,Estevan,Goncalves,2/22/1989,701.643.912-74
59,Júlio,Castro,11/5/2001,164.215.261-79
60,Beatriz,Fernandes,2/16/1972,602.125.526-78
61,Tânia,Cardoso,11/25/1973,787.074.026-86
62,Giovanna,Fernandes,3/9/2017,521.402.782-67
63,Julia,Santos,11/8/1963,461.097.602-18
64,Clara,Pereira,9/28/1975,392.918.746-98
65,Tiago,Martins,4/24/2005,450.401.121-22
66,Emilly,Costa,1/4/2012,756.288.268-12
67,Carolina,Dias,12/19/2005,462.050.096-84
68,Sophia,Carvalho,8/2/2010,733.266.365-12
69,Enzo,Ribeiro,11/13/2000,466.236.900-26
70,Danilo,Sousa,1/18/1987,275.942.237-21
71,Vinícius,Goncalves,1/27/1958,491.826.151-52
72,Gabrielle,Melo,4/15/2015,829.104.562-34
73,Diego,Rodrigues,6/18/1985,765.112.699-81
74,José,Cardoso,2/19/1956,229.629.481-20
75,Fábio,Almeida,11/4/1978,405.909.121-94
76,Rebeca,Souza,3/25/2013,580.186.798-86
77,Beatriz,Araujo,5/29/1993,703.734.759-00
78,Enzo,Melo,11/1/1960,125.790.402-77
79,Leila,Araujo,6/10/2017,637.511.078-51
80,Júlia,Santos,10/30/2020,235.625.706-35
81,Vinícius,Sousa,5/26/2009,366.393.454-39
82,Danilo,Almeida,8/23/1959,200.952.652-01
83,Eduardo,Melo,1/20/1999,651.032.721-05
84,Carla,Pinto,11/4/1973,243.242.909-54
85,André,Alves,11/5/2003,147.861.302-57
86,Julieta,Carvalho,12/17/1985,358.270.517-05
87,Gabrielle,Correia,4/6/2018,106.538.461-00
88,Isabela,Ferreira,12/20/1969,590.890.535-65
89,Laura,Rocha,4/12/1960,530.584.021-04
90,Eduarda,Goncalves,2/26/2003,380.206.331-70
91,Martim,Oliveira,11/14/2020,149.875.088-50
92,Gabriel,Martins,7/3/2004,836.054.818-84
93,Leila,Santos,9/1/2007,673.595.645-14
94,Diego,Alves,12/8/1967,187.251.935-03
95,Douglas,Alves,6/9/1974,189.589.359-36
96,Carlos,Santos,2/24/1982,778.426.240-03
97,Brenda,Lima,7/17/1959,303.619.672-25
98,Bianca,Cavalcanti,8/15/2003,494.952.959-55
99,Martim,Goncalves,5/24/2012,999.661.891-90
100,Guilherme,Melo,8/19/2007,446.413.620-68
101,Ana,Lima,11/2/1959,296.248.979-64
102,Vitoria,Costa,5/28/2000,449.264.175-02
103,Paulo,Araujo,2/17/1967,680.269.160-42
104,Danilo,Rodrigues,2/25/1965,321.778.504-52
105,Isabelle,Ribeiro,4/15/1981,122.651.156-22
106,Alex,Alves,10/8/1992,650.791.595-53
107,Fábio,Silva,9/21/1960,581.307.150-40
108,Gabrielle,Fernandes,3/9/2019,999.286.367-61
109,Gabrielle,Rocha,3/5/1984,769.757.832-84
110,Fábio,Oliveira,4/16/1977,460.739.280-41
111,Beatrice,Barros,12/25/1972,735.123.016-14
112,Vitória,Sousa,1/27/2007,372.293.388-91
113,Igor,Sousa,7/21/1999,870.579.654-78
114,Lara,Cavalcanti,2/22/1973,441.375.276-79
115,Eduarda,Correia,11/17/1995,555.530.167-70
116,Miguel,Ferreira,12/5/2004,267.020.432-52
117,Rodrigo,Cardoso,10/22/1986,440.294.270-57
118,Thaís,Barros,2/7/1984,257.958.258-40
119,Leonardo,Cardoso,3/28/1996,896.074.789-08
120,Manuela,Lima,7/23/2001,512.657.461-25
121,Marcos,Sousa,2/1/1975,781.047.221-66
122,Rafaela,Gomes,9/24/2005,221.186.715-47
123,Davi,Souza,5/5/1957,197.010.202-00
124,Fábio,Correia,5/10/1984,557.252.491-31
125,Bianca,Cavalcanti,12/22/1972,119.581.353-80
126,Isabelle,Silva,4/12/1968,263.000.825-80
127,Gustavo,Castro,9/1/1991,394.574.936-05
128,Emily,Gomes,4/6/1972,348.476.818-51
129,Vitoria,Fernandes,10/5/1961,811.447.960-40
130,Kaua,Santos,12/31/1964,856.770.656-41
131,Isabela,Fernandes,1/29/1965,692.638.195-05
132,Gabrielle,Cavalcanti,11/20/2005,814.722.506-72
133,Eduardo,Goncalves,6/2/1971,355.051.896-01
134,Kauê,Goncalves,9/11/1965,786.732.077-62
135,Camila,Pereira,2/12/1958,245.995.397-67
136,Matheus,Ferreira,11/27/2020,973.783.956-09
137,Luana,Pinto,12/29/2014,865.003.107-21
138,Camila,Lima,10/1/2019,260.037.871-55
139,Gabriela,Cardoso,11/29/1981,692.475.630-11
140,Marcos,Oliveira,10/5/2003,291.119.363-63
141,Fábio,Ferreira,11/18/2017,676.208.018-98
142,Vitór,Ferreira,4/6/1996,711.978.925-24
143,Sophia,Pereira,9/10/1956,890.984.187-75
144,Guilherme,Lima,4/29/2016,594.396.514-90
145,Bianca,Correia,7/2/2007,584.939.726-49
146,Felipe,Pereira,1/26/1970,817.320.138-29
147,Eduardo,Pinto,1/12/2002,846.655.163-83
148,Júlia,Goncalves,1/30/1965,386.757.304-20
149,Thaís,Oliveira,12/20/2003,408.172.106-87
150,Gabrielly,Costa,12/9/1979,404.478.091-99
151,Sofia,Almeida,5/25/2000,780.835.918-15
152,Arthur,Silva,1/28/2007,459.694.792-92
153,Joao,Dias,9/5/2001,104.867.711-72
154,Breno,Gomes,9/14/2003,369.714.198-80
155,Beatriz,Ribeiro,2/28/2004,787.665.847-44
156,Melissa,Carvalho,2/16/2005,358.471.172-05
157,Mateus,Fernandes,11/24/1962,699.402.332-05
158,Melissa,Rodrigues,11/6/1981,698.800.576-51
159,Brenda,Rocha,2/27/1988,493.882.503-11
160,Breno,Rodrigues,1/20/1983,488.549.839-26
161,Joao,Melo,8/5/2018,290.309.460-83
162,Vitória,Goncalves,5/29/2010,266.368.509-73
163,Yasmin,Santos,5/4/2012,925.125.614-45
164,Ana,Dias,11/28/1982,846.844.236-46
165,Gustavo,Cardoso,2/20/1973,707.568.213-04
166,Yasmin,Cardoso,11/22/1956,157.127.127-92
167,Gabriel,Carvalho,7/16/2015,788.639.192-67
168,Alex,Pinto,3/30/1984,306.829.101-12
169,Lara,Barros,2/2/2013,460.814.859-19
170,Gabriela,Castro,5/5/1961,289.828.971-00
171,Eduardo,Rocha,3/6/1984,960.536.794-70
172,Kauê,Gomes,5/5/1996,409.198.307-30
173,Bianca,Barros,8/5/1967,826.940.144-70
174,Cauã,Pereira,1/14/2007,682.716.292-39
175,Vitoria,Castro,9/21/1960,258.214.006-60
176,Igor,Barros,12/26/1962,611.912.090-40
177,João,Azevedo,12/20/1972,550.755.666-00
178,Vinicius,Correia,1/10/1957,565.453.881-00
179,Renan,Ferreira,10/2/1995,853.379.363-44
180,Caio,Ferreira,4/2/2008,453.705.043-85
181,Luís,Azevedo,8/7/2005,374.902.770-60
182,Diogo,Fernandes,10/5/1971,409.087.213-82
183,Alice,Silva,11/1/1963,671.614.553-24
184,Letícia,Almeida,11/2/2016,611.199.187-66
185,Beatrice,Azevedo,7/16/1960,606.622.624-09
186,Ana,Dias,8/29/1981,128.156.369-21
187,Danilo,Souza,11/6/2011,448.940.681-92
188,Aline,Azevedo,5/26/1967,102.882.538-25
189,Enzo,Barros,4/25/2001,829.349.728-95
190,Anna,Cunha,1/24/1961,701.373.189-79
191,Isabelle,Melo,5/11/1972,958.026.406-69
192,Melissa,Sousa,8/5/2017,770.883.394-98
193,Davi,Cavalcanti,11/8/1990,984.001.629-60
194,Matilde,Cunha,6/4/1990,541.954.410-56
195,Alice,Alves,11/24/2016,681.929.841-25
196,Eduarda,Santos,7/4/1998,901.513.766-89
197,Miguel,Castro,7/15/2004,918.365.023-70
198,Lucas,Dias,12/8/1983,408.686.664-16
199,Lucas,Pinto,9/22/1973,132.862.126-01
200,Sarah,Correia,12/15/2008,933.197.167-27
201,Vitória,Araujo,3/11/1957,823.678.844-04
202,Renan,Rocha,6/3/2014,277.691.516-00
203,Emilly,Cardoso,7/27/2002,671.261.304-30
204,Guilherme,Souza,1/21/1991,347.872.509-73
205,Emilly,Rodrigues,4/8/1957,551.742.284-51
206,Isabella,Azevedo,7/2/2020,707.705.243-54
207,Vitoria,Cavalcanti,1/16/1975,357.597.139-06
208,Isabelle,Cavalcanti,3/29/1998,760.781.597-04
209,Renan,Rodrigues,11/22/1975,592.109.986-42
210,Rebeca,Cavalcanti,12/14/2007,213.954.164-27
211,Vitória,Barbosa,4/9/1961,109.916.703-53
212,Samuel,Cunha,4/6/1978,818.336.954-53
213,Alex,Lima,4/16/1957,409.782.818-53
214,Daniel,Melo,6/9/2002,185.332.931-27
215,Giovana,Cavalcanti,5/31/1965,632.183.350-94
216,Paulo,Souza,1/30/1972,260.104.341-57
217,Carla,Oliveira,12/26/1968,344.706.618-05
218,Erick,Ribeiro,12/19/2018,680.283.010-88
219,Clara,Silva,4/2/2005,115.827.769-54
220,Diego,Carvalho,4/21/1983,356.073.689-71
221,Arthur,Azevedo,12/25/2014,986.865.054-22
222,Nicole,Silva,6/27/1977,812.293.065-44
223,Vitór,Ferreira,10/15/1984,812.173.400-25
224,Brenda,Alves,9/10/1976,541.411.259-20
225,Diego,Correia,10/9/2003,742.337.409-14
226,Manuela,Ribeiro,11/9/1996,840.824.039-06
227,João,Cavalcanti,2/2/2006,350.009.658-17
228,Vinícius,Araujo,1/11/1998,610.941.515-48
229,Rodrigo,Ferreira,5/27/1957,210.750.367-20
230,Rafael,Barros,3/5/1979,660.204.112-65
231,Ana,Ribeiro,9/13/1960,126.545.908-87
232,Felipe,Lima,2/15/1979,836.837.158-98
233,Guilherme,Alves,6/18/1962,686.368.932-40
234,Julieta,Fernandes,3/7/1990,315.908.213-00
235,Gabrielly,Pereira,9/21/1956,194.630.455-70
236,Gabriela,Pinto,11/23/2010,246.603.891-97
237,Letícia,Cardoso,6/16/1968,860.894.053-10
238,Rebeca,Cavalcanti,5/5/1995,983.978.035-21
239,Gabrielle,Rodrigues,11/2/2012,524.423.173-11
240,Vinicius,Alves,11/2/1997,539.985.288-81
241,Ágatha,Ferreira,2/23/1978,745.617.253-69
242,Joao,Azevedo,11/25/1973,303.235.789-69
243,Victor,Ferreira,2/11/1987,398.404.240-09
244,Sarah,Melo,11/10/1971,506.146.153-30
245,Raissa,Silva,1/14/2020,608.485.347-19
246,Miguel,Ferreira,6/19/1958,392.063.665-13
247,Danilo,Correia,9/18/1963,635.458.279-33
248,Carolina,Gomes,2/23/1997,463.569.403-87
249,Samuel,Santos,9/14/2014,690.334.985-53
250,Gabriela,Araujo,11/29/2006,419.751.373-96
251,Giovana,Silva,9/7/2018,170.207.828-09
252,Luan,Ribeiro,4/17/1966,613.650.605-00
253,Fernanda,Silva,8/21/1976,146.439.622-16
254,Matilde,Ribeiro,1/18/1991,265.518.192-14
255,Beatriz,Azevedo,5/15/1992,315.356.895-28
256,Marcos,Azevedo,11/20/2020,179.739.451-72
257,Livia,Alves,7/13/1968,492.108.860-89
258,Carlos,Alves,1/11/1985,983.720.251-34
259,Renan,Barros,2/5/2017,270.424.089-26
260,Paulo,Santos,12/13/1963,893.085.854-60
261,Erick,Almeida,9/17/1970,546.335.935-01
262,Anna,Carvalho,2/19/1972,413.609.420-50
263,Ryan,Fernandes,3/14/1975,259.646.272-93
264,Thiago,Barros,12/23/1978,152.304.781-01
265,Cauã,Oliveira,9/12/2002,237.543.094-80
266,Tomás,Melo,8/9/2004,291.138.526-80
267,Thaís,Rocha,2/15/2010,288.060.411-77
268,Giovana,Martins,5/25/1972,204.847.340-75
269,Alex,Gomes,10/26/1986,199.941.848-49
270,Emilly,Martins,3/17/1984,759.511.166-86
271,Fábio,Melo,5/7/1957,961.686.578-19
272,Giovanna,Souza,3/12/1961,533.606.365-70
273,João,Ferreira,5/19/2007,274.070.171-31
274,João,Oliveira,9/24/2008,609.057.507-05
275,Matilde,Pinto,7/29/2003,288.665.401-96
276,Davi,Lima,3/27/2006,755.155.323-17
277,Matilde,Carvalho,11/18/1968,776.231.065-70
278,Thiago,Ferreira,4/9/1995,951.237.354-88
279,Diego,Alves,8/28/1961,510.913.171-60
280,Nicole,Souza,2/21/1968,445.434.502-30
281,Larissa,Silva,8/29/1985,961.011.016-90
282,Sophia,Pinto,5/30/2011,782.405.402-01
283,Luiza,Azevedo,7/24/1957,594.665.839-56
284,Clara,Martins,9/3/2008,588.598.789-00
285,Murilo,Barros,11/7/1966,283.260.207-02
286,Vitória,Martins,12/22/2002,971.655.064-20
287,Nicole,Cardoso,1/9/2008,212.842.887-49
288,Ágatha,Cardoso,10/16/2012,736.025.084-63
289,Luana,Ribeiro,8/8/1971,898.139.617-59
290,Thaís,Pereira,11/15/1987,307.132.025-64
291,Mariana,Carvalho,6/15/1990,914.654.920-03
292,Martim,Cunha,7/20/1977,332.110.194-72
293,Livia,Gomes,12/11/2016,612.197.583-02
294,Amanda,Barros,4/16/1962,820.340.166-02
295,Paulo,Cavalcanti,1/14/1957,878.007.688-21
296,Larissa,Souza,6/1/1960,443.574.327-23
297,Victor,Correia,11/6/1957,391.393.451-06
298,Ryan,Rodrigues,9/18/1972,116.978.106-32
299,Tânia,Gomes,1/15/1997,152.187.310-05
300,Gabrielly,Cunha,8/3/1998,754.907.471-29
301,Letícia,Castro,8/28/1971,800.505.983-33
302,Vitória,Santos,6/16/1987,515.853.543-41
303,Julieta,Pinto,3/28/2000,690.198.250-03
304,Júlia,Barros,7/22/1965,711.618.160-11
305,Otávio,Pinto,2/9/1963,598.399.043-88
306,Kauã,Carvalho,8/16/1977,862.494.660-37
307,Vitória,Martins,7/15/1978,723.853.438-00
308,Tiago,Cunha,2/15/1979,215.499.170-05
309,André,Alves,9/12/1966,413.298.138-04
310,Livia,Sousa,7/31/1986,569.801.731-03
311,Julieta,Santos,11/19/1982,717.573.495-61
312,Carlos,Goncalves,11/14/2001,192.004.793-08
313,Rodrigo,Cunha,4/13/1974,642.431.211-09
314,Emilly,Pinto,11/16/1994,141.281.237-22
315,Julian,Rodrigues,7/30/1991,489.296.928-18
316,Kauê,Araujo,10/31/1987,978.851.333-62
317,Gabriel,Castro,11/7/2016,423.074.514-12
318,Carolina,Martins,5/29/1980,577.441.815-49
319,Marina,Barros,10/20/2016,830.209.327-00
320,Laura,Barros,10/5/1996,747.056.019-04
321,Estevan,Castro,7/26/1959,781.270.872-11
322,Kauê,Pinto,11/25/1961,671.474.389-06
323,Carla,Castro,2/10/1985,530.150.307-36
324,Victor,Sousa,5/17/2003,427.231.444-02
325,Julian,Alves,7/28/1993,896.862.849-15
326,Luan,Santos,7/28/1988,452.561.329-70
327,Raissa,Azevedo,10/8/1966,298.117.663-39
328,André,Castro,6/16/1967,577.785.350-17
329,Matheus,Castro,6/19/1969,735.455.452-96
330,Maria,Araujo,2/14/2007,238.896.753-87
331,Tânia,Ferreira,2/1/1981,633.109.148-36
332,Isabela,Melo,11/8/1984,705.850.703-18
333,Carla,Souza,5/28/1982,123.896.864-35
334,Cauã,Pereira,1/28/1984,156.847.213-70
335,Carlos,Melo,11/23/1993,757.689.721-02
336,Lavinia,Gomes,2/9/2014,936.204.102-24
337,Mariana,Azevedo,4/27/2002,213.069.065-39
338,Guilherme,Sousa,8/21/1974,218.834.456-12
339,Igor,Araujo,1/6/2010,385.351.447-22
340,Breno,Ferreira,4/4/2011,480.578.099-14
341,Felipe,Pinto,3/30/1989,125.753.323-11
342,Tiago,Cardoso,1/8/1976,775.621.062-07
343,Julian,Carvalho,7/18/1972,212.646.207-21
344,Igor,Sousa,12/22/1963,168.135.068-89
345,Vinícius,Ferreira,5/8/1975,247.992.658-30
346,Vinícius,Pereira,6/14/2006,781.003.008-60
347,Julian,Almeida,9/25/1999,497.276.103-23
348,Kauã,Rocha,9/15/1991,250.596.561-79
349,Julieta,Dias,12/24/1965,841.524.596-38
350,Ágatha,Gomes,9/20/1963,357.406.955-38
351,Kauã,Alves,2/2/2008,120.958.239-23
352,Carlos,Santos,12/22/1957,120.179.901-59
353,Amanda,Goncalves,8/9/2018,998.094.460-98
354,Lavinia,Fernandes,7/1/1995,676.007.157-32
355,Melissa,Cavalcanti,6/21/2017,642.745.696-24
356,Evelyn,Fernandes,5/2/1988,494.764.262-92
357,Vitoria,Ribeiro,2/24/1996,510.593.355-90
358,Mariana,Gomes,9/8/1958,411.522.829-64
359,Vinicius,Ferreira,4/10/2010,732.486.165-20
360,Giovana,Araujo,10/12/1966,465.513.210-89
361,Guilherme,Oliveira,1/3/1996,251.536.012-26
362,Erick,Ferreira,6/4/2005,701.048.266-73
363,Victor,Dias,1/26/2004,762.286.206-14
364,Emilly,Pinto,7/10/2004,683.448.807-34
365,Rafael,Ferreira,8/4/1962,133.940.334-02
366,Alex,Castro,1/12/2007,736.100.808-92
367,Cauã,Pinto,10/14/1998,709.466.899-62
368,Melissa,Rocha,9/4/1992,770.553.167-40
369,Nicolash,Azevedo,11/21/1964,554.443.532-45
370,André,Oliveira,2/19/2015,350.128.336-94
371,André,Barbosa,5/29/1955,776.415.620-51
372,Carla,Barbosa,9/10/1963,352.012.341-00
373,Luiz,Ferreira,8/14/2011,459.360.135-53
374,Diego,Almeida,5/23/1957,571.534.326-71
375,Davi,Gomes,11/30/1967,150.259.449-88
376,Eduardo,Santos,2/29/1996,207.416.080-14
377,Felipe,Souza,12/3/1979,669.510.234-17
378,Nicolash,Ferreira,4/1/1992,226.416.220-17
379,Manuela,Costa,9/11/2009,720.200.346-54
380,Leonardo,Goncalves,4/5/1998,774.281.393-92
381,Larissa,Almeida,10/13/1974,836.681.674-51
382,Kauã,Barros,1/3/1966,176.099.791-98
383,Carolina,Dias,11/30/1981,963.076.690-63
384,Vitória,Costa,12/8/1975,244.401.225-90
385,Luis,Gomes,6/16/2002,356.230.799-38
386,Caio,Barros,2/4/1966,856.363.802-59
387,Emily,Carvalho,12/23/2018,243.283.918-87
388,Nicolas,Cavalcanti,3/10/1960,304.544.609-45
389,Nicole,Santos,9/30/1981,467.484.934-98
390,Julia,Barros,5/5/1966,995.478.433-03
391,Luis,Martins,12/20/1965,522.156.587-03
392,Fábio,Rodrigues,8/20/1973,990.022.290-38
393,Samuel,Rodrigues,9/6/2006,322.694.892-09
394,Danilo,Correia,3/30/1984,834.923.560-87
395,Leila,Costa,10/11/1960,788.091.189-87
396,Júlio,Pereira,10/30/1959,914.752.948-24
397,Julia,Cardoso,11/3/2015,345.472.392-23
398,Gabriel,Carvalho,3/28/2018,346.092.625-25
399,Kauan,Sousa,5/26/2010,281.544.630-83
400,Kauê,Souza,1/3/1972,729.102.826-43
401,Bruno,Pinto,1/18/2021,896.419.382-23
402,Douglas,Gomes,3/1/1971,114.521.444-43
403,Antônio,Martins,11/4/1961,719.852.909-79
404,Ana,Gomes,10/27/1958,727.878.594-45
405,Anna,Cardoso,5/22/1973,423.735.686-83
406,Larissa,Cunha,10/16/1967,584.139.833-47
407,Breno,Martins,1/24/2004,768.203.977-98
408,Gabriel,Melo,2/27/1970,605.742.068-33
409,Marina,Pinto,2/9/1963,186.100.343-99
410,Giovana,Gomes,9/26/2018,601.688.403-08
411,André,Souza,5/14/1985,452.429.700-65
412,Yasmin,Gomes,10/26/1983,237.740.427-80
413,Matheus,Barbosa,6/23/2002,276.348.167-10
414,Beatriz,Fernandes,11/23/1989,981.396.360-37
415,Antônio,Lima,11/19/2012,863.799.359-16
416,Rafael,Alves,8/23/2014,538.205.223-95
417,Guilherme,Rodrigues,12/7/1978,214.235.575-73
418,Giovana,Sousa,11/24/1985,156.863.158-84
419,Bianca,Pereira,3/5/2020,674.320.445-54
420,Breno,Araujo,3/14/2015,383.779.758-90
421,Laura,Almeida,10/27/2007,518.325.255-62
422,Laura,Costa,2/15/1975,898.893.354-09
423,Vitória,Ribeiro,1/24/2021,403.669.633-50
424,Kauê,Goncalves,12/20/1980,371.000.406-39
425,Livia,Azevedo,3/4/1996,704.618.649-91
426,Gabrielle,Costa,4/27/1995,961.556.752-36
427,Julian,Barbosa,8/21/2007,859.938.824-09
428,Julieta,Dias,6/28/2010,296.481.731-68
429,Júlio,Carvalho,4/23/2007,911.863.669-15
430,Kaua,Rocha,11/2/2000,794.171.166-49
431,Marina,Carvalho,7/8/1984,182.003.923-41
432,Antônio,Sousa,3/27/1965,319.340.189-70
433,Matilde,Goncalves,1/23/1976,918.520.907-40
434,Leonor,Costa,6/4/2009,169.628.699-91
435,Leonardo,Alves,2/4/2018,581.792.475-70
436,Sarah,Rodrigues,12/9/2015,640.602.481-85
437,Anna,Fernandes,5/23/2020,301.003.479-24
438,Samuel,Cunha,11/4/1970,226.062.260-70
439,Yasmin,Dias,12/16/1972,831.142.197-80
440,Rafael,Fernandes,2/16/1963,970.373.685-80
441,Martim,Correia,10/19/1961,546.876.460-18
442,Bianca,Melo,1/8/1996,296.631.960-76
443,Gustavo,Pinto,11/23/1969,430.796.897-20
444,Mariana,Carvalho,1/6/1972,545.852.082-32
445,Luís,Araujo,7/5/2011,145.227.877-66
446,Clara,Almeida,12/28/2009,562.510.250-34
447,Rodrigo,Cavalcanti,1/3/1959,578.434.105-70
448,Julieta,Melo,9/25/1973,425.600.954-08
449,Gabriela,Azevedo,7/16/1994,585.321.766-66
450,João,Silva,3/21/1996,120.609.348-00
451,Fábio,Barros,1/17/1983,585.498.857-70
452,Miguel,Melo,4/27/1979,529.970.798-37
453,Lavinia,Cavalcanti,3/24/1997,244.045.280-78
454,Tiago,Ferreira,8/12/1959,627.277.201-73
455,Matilde,Rodrigues,9/26/2016,308.032.116-27
456,Rodrigo,Dias,3/5/1966,304.655.710-85
457,Isabella,Santos,8/5/1957,562.872.960-46
458,Arthur,Silva,5/3/2014,548.010.623-69
459,Fernanda,Azevedo,9/4/1978,456.799.149-48
460,Rodrigo,Almeida,11/8/2000,933.133.324-20
461,Kauan,Fernandes,10/18/1971,961.525.203-47
462,Manuela,Carvalho,11/23/1995,404.633.801-69
463,Luan,Correia,1/7/1995,721.666.835-92
464,Diogo,Costa,11/26/1970,107.741.924-45
465,Kauan,Cavalcanti,9/19/1983,378.249.254-47
466,Gabrielly,Gomes,4/22/2005,681.820.961-03
467,Rodrigo,Sousa,3/19/2016,762.038.530-46
468,Paulo,Lima,10/20/2004,331.347.981-23
469,Fernanda,Castro,12/23/2013,414.569.651-40
470,Evelyn,Cardoso,1/26/1974,315.683.913-23
471,Nicolas,Oliveira,5/20/1987,280.183.619-24
472,Sarah,Barros,2/19/2002,493.956.153-46
473,Yasmin,Barbosa,10/25/1991,236.781.674-38
474,Julian,Oliveira,2/23/1991,187.313.065-19
475,Giovanna,Araujo,11/21/1995,509.230.629-71
476,Thaís,Correia,10/5/1968,437.112.010-59
477,Kauê,Araujo,5/12/1982,859.794.884-13
478,Nicole,Correia,5/25/2008,930.016.441-41
479,Leila,Almeida,10/18/1977,299.712.726-28
480,Luan,Cavalcanti,7/29/2001,803.182.361-84
481,Sophia,Carvalho,11/9/1987,180.157.515-00
482,Marcos,Barros,7/14/1999,419.691.233-89
483,Beatrice,Costa,5/29/1972,100.244.534-55
484,Livia,Ribeiro,11/18/1991,255.343.164-38
485,Kauê,Ferreira,11/5/1997,229.053.376-99
486,Rafael,Dias,4/5/1995,406.955.031-38
487,Mariana,Rocha,12/6/1966,765.946.972-00
488,Bruno,Dias,2/11/1971,234.479.708-47
489,Breno,Costa,5/15/1966,551.382.553-80
490,Lavinia,Gomes,5/25/2013,487.959.616-74
491,Leonardo,Martins,9/30/1957,419.240.345-57
492,Breno,Pereira,5/14/1955,883.123.391-24
493,Matilde,Araujo,10/25/1998,274.397.007-32
494,Fernanda,Santos,11/8/2019,513.346.020-18
495,Larissa,Cardoso,10/12/1975,275.223.332-96
496,Joao,Martins,1/7/1993,547.056.545-95
497,Fábio,Ferreira,12/21/1988,158.371.322-01
498,Enzo,Azevedo,9/27/1997,869.057.709-22
499,Vinícius,Alves,3/10/1994,607.582.091-42
500,Marisa,Melo,10/23/1970,581.773.963-15
501,João,Melo,6/6/2013,676.950.573-80
502,Luis,Gomes,9/6/2001,368.674.551-82
503,Tiago,Pereira,9/13/1971,591.348.490-84
504,Kauan,Martins,4/26/2002,463.296.984-22
505,Júlio,Barros,6/29/1985,329.313.188-33
506,Leonor,Barbosa,10/6/1980,314.168.716-16
507,Raissa,Correia,6/22/1994,647.395.088-50
508,Isabela,Barros,6/18/1972,953.337.576-07
509,Julieta,Souza,5/29/1975,206.661.557-98
510,Rafael,Rodrigues,12/20/2016,691.964.487-84
511,Luiz,Pereira,4/6/1961,460.056.975-01
512,André,Martins,10/24/1989,120.122.491-83
513,Sofia,Sousa,12/29/1992,761.874.534-09
514,Kaua,Barbosa,12/1/2014,842.093.408-98
515,Matheus,Pinto,3/31/2003,911.746.968-69
516,Julieta,Oliveira,8/13/1984,581.578.420-69
517,Cauã,Gomes,1/17/1995,685.438.793-02
518,Kai,Carvalho,4/4/1991,339.200.491-01
519,Mateus,Castro,8/5/2014,373.772.811-97
520,Fábio,Santos,10/24/1985,712.846.382-86
521,Paulo,Cunha,4/14/1961,180.925.912-61
522,Leila,Lima,10/5/1990,983.103.156-35
523,Eduarda,Dias,3/20/2011,703.166.699-62
524,Murilo,Melo,7/2/2014,815.841.496-63
525,Eduarda,Martins,1/23/1974,168.562.580-03
526,Sofia,Dias,7/31/2009,887.992.458-33
527,Samuel,Barbosa,5/18/1986,537.174.005-84
528,Kaua,Cunha,7/24/1991,807.173.974-08
529,Estevan,Dias,6/26/1973,337.889.839-90
530,Diego,Lima,6/7/1999,734.163.777-37
531,Cauã,Sousa,1/22/1999,812.021.790-02
532,Manuela,Cavalcanti,7/8/1956,124.058.961-17
533,Julian,Araujo,11/5/2015,625.519.680-11
534,Vitória,Pinto,8/8/1967,276.693.715-36
535,Anna,Souza,10/17/1979,631.601.355-86
536,Isabella,Oliveira,7/4/1986,825.100.951-02
537,Emily,Alves,9/14/1958,451.815.487-84
538,Matheus,Carvalho,3/1/1961,649.659.821-50
539,Fábio,Rodrigues,5/9/1969,977.490.053-74
540,Arthur,Dias,2/3/2004,250.349.836-13
541,Tiago,Silva,12/24/1961,840.702.567-41
542,Gabriela,Barbosa,9/2/1972,576.946.953-66
543,Nicolash,Sousa,10/21/1994,426.674.182-04
544,Alice,Cardoso,4/18/1974,771.988.335-78
545,Vinícius,Lima,12/6/2014,802.394.137-25
546,Marina,Martins,12/31/2004,572.617.192-69
547,Júlia,Oliveira,3/3/2019,506.738.519-74
548,Melissa,Carvalho,3/13/2002,839.277.528-78
549,Giovana,Rodrigues,3/7/1994,273.194.267-30
550,Laura,Sousa,4/3/1988,370.971.961-57
551,Lara,Pinto,1/10/1960,895.162.557-52
552,Laura,Barbosa,3/20/2000,252.612.295-37
553,Enzo,Carvalho,8/28/1955,223.530.951-86
554,Ágatha,Fernandes,4/14/1980,897.664.662-20
555,Martim,Carvalho,5/11/2015,986.644.586-00
556,Leonardo,Pinto,11/19/1957,833.595.829-77
557,Isabelle,Rocha,2/13/1974,906.523.537-03
558,Gustavo,Azevedo,7/27/1998,285.097.529-07
559,Tiago,Almeida,6/13/1989,478.601.040-59
560,Tiago,Cunha,12/2/2000,278.515.883-08
561,Thaís,Rocha,3/18/2004,542.292.867-91
562,Rodrigo,Santos,12/6/2001,188.941.430-15
563,Vitór,Rodrigues,10/30/1986,958.481.431-10
564,Martim,Araujo,5/9/1959,369.365.247-37
565,Luiza,Silva,12/27/1997,479.050.407-71
566,Melissa,Silva,9/18/2013,326.570.553-62
567,Alex,Barbosa,11/18/1998,229.362.810-83
568,Rafael,Fernandes,3/20/2006,892.134.381-41
569,Guilherme,Cavalcanti,4/2/1955,323.700.675-00
570,Samuel,Martins,1/1/1966,170.688.958-59
571,Mateus,Rocha,2/20/2019,333.279.822-79
572,Vitór,Cardoso,6/19/1970,647.894.046-25
573,Yasmin,Castro,1/18/1968,662.259.978-57
574,Murilo,Cavalcanti,7/4/1987,808.647.256-63
575,Gabrielle,Cunha,4/5/2000,650.276.268-94
576,Tânia,Barros,4/7/1965,353.130.389-90
577,Kauan,Pereira,9/22/2013,879.515.067-61
578,Carlos,Correia,8/29/1957,996.551.654-50
579,Lucas,Barbosa,12/10/2012,318.246.292-06
580,Isabela,Cardoso,2/23/2021,341.486.075-98
581,Danilo,Araujo,10/2/1975,309.083.963-68
582,Sarah,Goncalves,9/4/1971,132.519.758-03
583,Raissa,Souza,8/23/2017,219.260.367-35
584,Vitoria,Araujo,6/19/1995,468.379.005-01
585,José,Ferreira,12/14/1986,318.792.471-94
586,Isabelle,Costa,3/13/1984,589.219.956-84
587,Luana,Costa,5/17/1962,468.925.722-19
588,Gabriel,Martins,1/15/1957,486.580.015-80
589,Luana,Araujo,2/18/1997,816.844.093-57
590,Kai,Correia,11/16/1975,210.756.625-91
591,Ágatha,Melo,9/14/1963,620.369.578-54
592,Vinícius,Correia,10/29/2019,695.283.260-21
593,Aline,Fernandes,2/25/2015,984.391.778-28
594,Amanda,Martins,11/9/1973,665.915.405-12
595,Sarah,Ferreira,9/22/1972,973.552.876-21
596,Alice,Cardoso,5/28/1994,369.488.751-22
597,Vitoria,Pereira,7/24/1977,137.404.365-65
598,Pedro,Barbosa,1/13/1989,146.744.534-70
599,Mariana,Castro,11/17/1963,677.679.850-83
600,Bruno,Santos,6/30/1968,438.494.702-02
601,Larissa,Castro,9/12/1998,248.932.464-02
602,Rafaela,Rocha,4/16/1970,756.730.869-03
603,Fábio,Araujo,1/16/1987,844.968.887-69
604,Arthur,Cavalcanti,2/8/2019,669.284.589-09
605,Vinicius,Carvalho,7/14/2011,671.039.817-01
606,Marcos,Cavalcanti,10/5/1978,310.245.173-06
607,Letícia,Oliveira,5/30/1955,698.743.834-02
608,Marisa,Correia,6/25/1988,520.131.887-81
609,Vinicius,Almeida,9/14/2012,809.445.983-23
610,Ágatha,Araujo,10/26/1992,415.404.655-19
611,Leila,Silva,2/28/1969,542.603.075-84
612,Evelyn,Dias,5/18/1972,986.572.539-84
613,Igor,Cardoso,9/15/2019,941.164.658-10
614,Aline,Ferreira,8/1/1999,628.035.883-66
615,Alex,Fernandes,8/25/2008,938.532.695-32
616,Maria,Melo,5/16/1983,982.296.213-49
617,Evelyn,Martins,6/23/1967,697.950.637-40
618,João,Goncalves,12/2/2004,106.158.657-04
619,Enzo,Silva,8/24/1998,247.959.674-58
620,Samuel,Azevedo,9/28/2020,903.822.006-59
621,Bruna,Cavalcanti,7/8/1987,521.956.133-27
622,Erick,Gomes,9/13/1995,692.429.789-73
623,Douglas,Barbosa,4/14/2009,449.355.220-46
624,Mariana,Goncalves,3/25/2010,851.796.355-51
625,Clara,Almeida,7/26/1985,619.689.886-88
626,Caio,Araujo,3/7/1972,684.071.608-22
627,Igor,Cardoso,12/20/2011,610.634.023-44
628,Kauan,Lima,2/3/1965,745.610.967-28
629,Carla,Santos,3/30/1963,385.194.667-70
630,Evelyn,Melo,7/3/1975,508.308.522-47
631,Lucas,Lima,8/13/2013,504.122.431-56
632,Ana,Oliveira,12/6/2001,144.493.739-10
633,Livia,Pinto,6/8/2007,824.738.441-86
634,Vitoria,Souza,3/18/1996,142.501.522-00
635,Gustavo,Correia,6/6/1983,376.567.238-62
636,Alice,Sousa,4/9/1985,205.403.830-07
637,Samuel,Almeida,4/11/1976,866.367.697-26
638,Ana,Cunha,6/4/2007,428.477.200-73
639,Lara,Alves,7/1/1959,456.115.540-67
640,Kai,Cardoso,3/19/1993,491.152.859-10
641,Tânia,Almeida,2/10/2006,945.334.676-44
642,Julieta,Melo,4/6/1959,691.079.624-10
643,José,Rodrigues,12/24/1973,155.091.862-16
644,Kai,Melo,6/4/1961,152.792.323-19
645,Guilherme,Almeida,2/22/2001,189.551.642-03
646,Vinicius,Pereira,4/9/1991,521.863.468-93
647,Gustavo,Santos,11/24/2015,250.797.355-20
648,Nicolash,Rodrigues,11/21/1994,220.052.044-12
649,Júlio,Correia,6/6/1956,155.630.093-00
650,Júlia,Cardoso,10/26/1995,633.339.711-35
